# metadata: category=geography, state=West Bengal, year=2025
district,block_name,total_gps,electrified_households_pct,distance_to_nearest_railway_km,three_phase_commercial_power_available,agri_mandi_distance_km,cold_storage_within_15km
Alipurduar,Falakata,12,98.4,4.2,Yes,2.5,Yes
Alipurduar,Madarihat,10,96.8,12.0,Yes,8.0,No
Jalpaiguri,Malbazar,11,99.1,1.5,Yes,3.0,Yes
Jalpaiguri,Dhupguri,16,99.5,0.8,Yes,1.2,Yes
Cooch Behar,Dinhata-I,14,97.6,3.1,Yes,2.0,Yes
Cooch Behar,Mathabhanga-I,10,98.2,5.5,Yes,4.5,Yes
Darjeeling,Kurseong,14,95.0,8.4,Yes,6.0,No
Darjeeling,Mirik,6,96.2,22.0,Yes,11.0,No
