# metadata: category=market, state=West Bengal, year=2025
district,sub_district,activity_sector,total_micro_units,total_small_units,avg_investment_plant_inr,bank_credit_linkage_pct,active_shg_groups
Alipurduar,Falakata,Agro-Processing & Packaging,68,7,350000,82.4,145
Alipurduar,Madarihat,Ecotourism & Handicrafts,45,3,280000,74.0,98
Jalpaiguri,Malbazar,Tea & Herbal Products,84,11,480000,88.5,210
Jalpaiguri,Dhupguri,Cold Storage & Potato Byproducts,112,18,650000,91.0,260
Cooch Behar,Dinhata,Tobacco & Jute Twine,73,8,390000,79.2,180
Cooch Behar,Mathabhanga,Rice Milling & Husk Fuel,96,14,520000,86.1,225
Darjeeling,Kurseong,Organic Tea & Orange Squashes,53,6,420000,83.0,130
Darjeeling,Mirik,Floriculture & Cardamom Packing,39,4,310000,77.5,92
